,seed,actions
0,3592570000,"[1, 2, 1, 0, 3, 0, 2, 2, 1, 3, 1, 1, 0, 1, 2, 1, 3, 2, 0, 3, 0, 0, 2, 1, 0, 3, 1, 1, 1, 3, 3, 3]"
1,3592570001,"[3, 2, 2, 0, 3, 0, 3, 0, 0, 1, 1, 3, 1, 1, 2, 0, 1, 2, 2, 0, 3, 0, 0, 3, 3, 0, 0, 2, 3, 1, 2, 1, 3, 1, 1, 2, 0, 0, 1, 0, 3, 0, 0, 2, 1, 0, 3, 1, 1, 2, 1, 0, 3, 0, 0, 2, 1, 2, 1, 1, 1, 0, 3, 0, 3, 1, 1, 2, 1, 2, 2, 2]"
2,3592570002,"[3, 0, 3, 2, 1, 3, 0, 3, 3, 1, 3, 0, 2, 2, 2, 1, 3, 2, 0, 3, 3, 3, 0]"
3,3592570003,"[1, 2, 1, 2, 1, 0, 3, 0, 2, 1, 2, 1, 0, 3, 0, 3, 0, 2, 2, 1, 3, 2, 0, 3, 3, 1, 3, 1, 2, 2, 1, 2, 2, 0, 1, 3, 0, 1, 0, 3, 0, 3, 0, 2, 2, 2, 1, 3, 1, 1, 2, 0, 3, 1, 3, 0, 3, 0, 2, 1, 0, 3, 0, 2, 2, 1, 3, 2, 0, 3, 3, 1, 3, 1, 2, 2, 1, 2, 2, 0, 3, 1, 0, 0, 3, 3, 0, 2, 2, 2, 1, 3, 1, 1, 3, 0, 2, 1, 3, 0, 3, 3, 0, 0, 2, 2, 1, 2, 1, 1, 2, 0, 3, 1, 3, 0, 2, 1, 3, 0, 3, 3, 0, 0, 2, 2, 2, 2, 1, 3, 3, 2, 1, 1, 2, 0, 3, 1, 3, 0, 0, 2, 0, 3, 3, 3, 1, 2, 0, 2, 1, 2, 1, 3]"
4,3592570004,"[2, 3, 1, 1, 2, 0, 3, 2, 2, 1, 1, 2, 2, 0, 3, 2, 1, 3, 0, 0, 3, 3, 0, 1, 0, 3, 1, 1, 2, 1, 2, 0, 1, 3, 0, 3, 0, 2, 0, 3, 0, 0, 2, 1, 3, 1, 1, 2, 1, 1, 2, 2, 0, 0, 3, 3, 0, 3, 1, 2, 0, 3, 0, 0, 2, 1, 3, 1, 1, 2, 2, 2, 1, 2, 1, 3, 3, 3, 3, 0, 0, 0, 0, 2, 1, 3, 1, 2, 0, 1, 3, 1, 2, 1, 2, 2, 0, 0, 3, 2, 3, 1, 1, 3, 0, 3, 0, 0, 2, 1, 1, 3, 1, 2, 2]"
5,3592570005,"[1, 3, 1, 0, 2, 1, 3, 1, 0, 2, 1]"
6,3592570006,"[3, 2, 1, 3, 3]"
7,3592570007,"[2, 0, 3, 1, 3, 3, 3, 0, 0, 0, 1, 0, 3, 0, 0, 2, 2, 1, 1, 1, 1, 1, 2, 2, 0, 3, 2, 1, 3, 3, 3, 0, 0, 0, 0, 1, 1, 1, 1, 2, 0, 1, 3, 0, 0, 0, 3, 0, 2, 2, 0, 3, 1, 1, 1, 1, 2, 0, 0, 3, 3, 0, 2, 0, 2, 1, 1, 1, 3, 1, 1, 2, 2, 0, 3, 0, 1, 1, 3, 0, 0, 0, 1, 0, 2, 0, 0, 3, 1, 1, 1, 0, 1, 2, 1, 1, 3, 3, 0, 2, 2, 2]"
8,3592570008,"[2, 2, 0, 3, 0, 3, 0, 2, 2, 0, 0, 3, 1, 0, 1, 2, 1, 1, 1, 3, 1, 3, 0, 2, 1, 2, 0, 0, 0, 0, 3, 1, 3, 1, 0, 2, 1, 3, 0, 2, 1, 2, 1, 1, 3, 3, 0, 1, 2, 0, 1, 2, 0, 0, 0, 3, 1, 2, 0, 3, 3, 3, 1, 2, 1, 0, 0, 2, 0, 0, 2, 1, 1, 1, 1, 3, 1, 2, 0, 0, 3, 1, 1, 2, 0, 0, 0, 3, 3, 3, 1, 2, 1]"
9,3592570009,"[3, 0, 1, 0, 3, 0, 0, 2, 1, 2, 3, 1, 3, 2, 0, 2, 2]"
10,3592570010,"[2, 0, 2, 2, 1, 2, 0, 1, 2, 0, 3, 3, 3, 3, 1, 2]"
11,3592570011,"[3, 0, 1, 2, 1, 1, 3, 0, 3, 0, 1, 2, 1, 2, 0, 0, 0, 3, 1, 0, 3, 1, 2, 0, 2, 1, 1, 1, 3, 0, 1, 0, 3, 0, 0, 2, 1, 1]"
12,3592570012,"[0, 0, 3, 0, 3, 3, 1, 2, 0, 2, 2, 1, 3, 1, 0, 1, 2, 0, 0, 3, 3, 3, 1, 2, 0, 2, 2, 1, 1, 3, 1, 0, 1, 2, 0, 0, 0, 3, 1, 3, 2, 0, 2, 1, 1, 1, 1, 3, 1, 2, 0, 3, 0, 2, 0, 0, 3, 1, 1]"
13,3592570013,"[2, 1, 3, 1, 1, 1, 2, 2, 0, 3, 0, 3, 1, 0, 0, 0, 2, 1, 3, 1, 1, 2, 1, 2, 0, 0, 3, 0, 1, 2, 1, 1, 3, 0, 3, 0, 0]"
14,3592570014,"[3, 1, 0, 1, 2, 0, 0, 0, 3, 1, 0, 1, 2, 1, 1, 1, 3, 1, 2, 0, 3, 0, 2, 0, 0, 3, 1, 3, 2, 0, 0, 2, 1, 1, 1, 1, 3, 3, 2, 1, 2, 0, 0, 0, 3, 1, 1, 2, 3, 3, 1, 2]"
15,3592570015,"[1, 2, 2, 0, 2, 1, 2, 0, 0, 3, 0, 0, 3, 1, 1, 0, 2, 1, 1, 1, 3, 3, 3, 0, 0, 2, 3, 2, 1, 1, 2, 2, 0, 3, 2, 1, 2, 0, 0, 3, 0, 3, 1, 3, 1, 0, 2, 0, 2, 1, 1, 3, 2, 1, 2, 0, 0, 3, 3, 3, 3, 1, 1, 2, 3, 0, 0, 2, 2, 1, 3]"
16,3592570016,"[0, 0, 0, 0, 2, 1, 1, 3, 1, 1, 2, 0, 1, 0, 2, 0, 3, 1, 3, 0, 1, 2, 1, 3, 3, 0, 0, 0, 2, 2]"
17,3592570017,"[2, 3, 1, 1, 2, 1, 2, 2, 0, 0, 3, 3, 2, 3, 1, 1, 2, 2, 0, 3, 1, 3, 3, 0, 0, 2, 2, 1, 1, 3, 0, 2, 1, 2, 0, 0, 3, 0, 3, 1, 1]"
18,3592570018,"[2, 3, 1, 0, 2, 2, 2]"
19,3592570019,"[0, 0, 0, 2, 2, 0, 3, 1, 0, 2, 1, 1, 1, 1, 3, 3, 3, 0, 1, 3, 0, 0, 0, 0, 2, 0, 2, 1, 2, 1, 2, 1, 1, 1, 3, 3, 0, 3, 0, 3, 0, 0, 2, 2, 1, 2, 0, 3, 3, 1, 3, 1, 1, 1, 2, 2, 0, 0, 1, 1, 3, 3, 0, 0, 0, 2, 1, 3, 0, 0, 2, 2, 1, 2, 0, 3, 1, 3, 3, 1, 1, 1, 2, 0, 1, 3, 0, 0, 0, 0, 2, 0, 2, 1, 1, 1, 0, 2, 0, 3, 3, 3, 1, 1, 1, 2, 0, 3, 0, 0, 2, 0, 2, 1, 2, 1, 3, 1, 3, 1, 1, 2, 0, 0, 3, 3, 0, 0, 2, 1, 3, 1, 1, 1, 2, 2, 2, 2, 0, 0, 0, 3, 0, 3, 1, 2, 0, 3, 1, 3, 3, 1, 1, 2, 0, 3, 0, 0, 2, 0, 2, 1, 1, 1, 0, 2, 0, 3, 3, 3, 1, 2]"
20,3592570020,"[0, 2, 1, 0, 3, 1, 1, 1, 2, 0, 0, 2, 0, 3]"
21,3592570021,"[0, 0, 2, 0, 0, 2, 1, 2, 2, 0, 3, 1, 3, 3, 1, 3, 1, 1, 2, 0, 3, 0, 0, 0, 2, 1, 2, 2, 0, 3, 2, 1, 3, 3, 3, 1, 1, 2, 0, 1, 0, 3, 0, 0, 2, 3, 1, 2, 2, 2, 0, 3, 3]"
22,3592570022,"[0, 3, 2, 1, 3, 0, 3, 2, 1, 3]"
23,3592570023,"[1, 2, 0, 2, 2, 1, 2, 1, 3, 1, 1, 3, 0, 3, 0, 1, 0, 3, 0, 0, 2, 2, 1, 0, 2, 1, 2, 1, 3, 1, 1, 3, 0, 3, 0, 3, 0, 2, 1, 2]"
24,3592570024,"[1, 0, 3, 3, 1, 3, 3, 1, 3, 0, 0, 2, 3, 1, 2, 1, 2, 0, 2, 0, 2, 2, 1, 3, 0, 3, 3, 1, 2, 0, 2, 2, 1, 3, 3, 3, 0, 2, 1, 3, 1, 3, 3, 0, 0, 2, 3, 1, 2, 0, 2, 3, 3, 1, 2, 1, 2, 0]"
25,3592570025,"[1, 2, 0, 1, 2, 0, 2, 1, 1, 0, 1, 2, 1, 1, 3, 0, 0, 0, 0]"
26,3592570026,"[0, 2, 3, 1, 2, 0, 2, 3, 1, 2, 0, 2, 2]"
27,3592570027,"[1, 0, 3, 1, 2, 1, 2, 0, 0, 3, 1, 3, 3, 1, 2, 1, 2, 3, 0, 3, 0, 2, 0, 2, 2, 1, 1, 3, 2, 0, 0, 3, 1, 3, 1]"
28,3592570028,"[3, 1, 3, 2, 0, 0, 3, 1, 0, 1, 2, 1, 1, 0, 1, 3, 1, 1, 2, 2, 0, 0, 0, 0, 3, 3, 1, 2, 1, 1, 3, 2, 0, 0, 3, 1, 1]"
29,3592570029,"[2, 3, 1, 1, 1]"
30,3592570030,"[0, 3, 1, 0, 2, 1, 1, 3, 1, 0, 0, 3, 0, 2, 1, 2, 1, 3, 1, 3, 0, 2, 0, 0, 3, 0, 2, 1, 1, 2, 1, 3, 3, 0, 0]"
31,3592570031,"[2, 0, 1, 3, 0, 0, 0, 0]"
32,3592570032,"[0, 1, 3, 0, 0, 0, 2, 1, 1, 3, 1, 2, 2, 2]"
33,3592570033,"[2, 0, 1, 3, 1, 1, 2, 0, 3, 0, 0, 2, 1, 1, 1]"
34,3592570034,"[2, 0, 0, 0, 2, 1, 2, 2, 1, 3, 1, 2, 1, 0, 3, 0, 2, 0, 3, 3, 3, 1, 1, 2, 3, 0, 0, 0, 2, 1, 2, 2, 1, 1, 1, 2, 0]"
35,3592570035,"[2, 1, 3, 1, 1, 2, 2, 2, 2, 2, 0, 3, 3, 2, 1, 3, 3, 3, 3, 0, 0, 2, 1, 3, 1, 2, 2]"
36,3592570036,"[1, 3, 1, 3, 3, 0, 3, 1, 1, 2, 0, 2, 2, 0, 3, 2, 1, 3, 3, 3, 0, 0, 2, 1, 0, 1, 3, 1, 2]"
37,3592570037,"[2, 1, 0, 3, 1, 2, 1, 0, 3, 1, 1, 1, 2, 0, 3, 0, 2]"
38,3592570038,"[2, 3, 0, 0, 2, 1, 2, 0, 2, 1, 2, 2, 0, 3, 1, 3, 3, 0, 3, 3, 1, 2, 1, 2, 1, 1, 3, 0, 3, 2, 2, 0, 0, 2, 2, 0, 3, 1, 3, 3, 0, 3, 1, 1, 1, 2, 0, 1, 0, 3, 0, 0, 2, 2, 1, 0, 3, 3, 1, 1, 2, 0, 1, 1, 3, 0, 0, 2, 2, 0, 3]"
39,3592570039,"[0, 1, 3, 3, 0, 0, 0, 2, 1, 2, 0, 0, 3, 3, 3, 3, 1, 3, 1, 1, 2, 0, 3, 2, 2, 2, 1, 1, 2, 0, 1, 2, 0, 3, 3, 0, 0, 2, 0, 3, 3, 3, 3, 1, 2, 1, 0, 3, 1, 1, 2, 2, 0, 2, 1, 2, 1, 2, 0, 0, 3, 1, 1, 2, 0, 0, 0, 3, 3, 0, 3, 3, 1, 2, 3, 1, 3, 1, 2, 2, 0, 0, 0, 2, 2, 1, 1, 3, 1, 2, 1, 2, 0, 0, 0, 3, 3, 2, 1, 1, 1, 2, 0, 0, 0, 0, 3, 3, 1, 1, 1, 3, 3, 0, 2, 3, 0, 3, 1, 1, 2, 2, 2, 0]"
40,3592570040,[]
41,3592570041,"[3, 2, 3, 0, 3, 0, 0, 2, 1, 1, 3, 3, 1, 1, 2, 0, 2]"
42,3592570042,"[2, 1, 1, 1, 3, 0]"
43,3592570043,"[0, 0, 3, 2, 1, 1, 3, 0, 2, 0, 0, 1, 1, 3, 0]"
44,3592570044,"[2, 2, 2, 1, 2, 2, 0, 1, 3, 3, 0, 0, 2, 1, 3, 1, 2, 1, 0, 0, 2, 1]"
45,3592570045,"[3, 1, 3, 3, 0, 0, 2, 3, 1, 1, 2, 2, 0, 3]"
46,3592570046,"[2, 3, 2, 1, 2, 2, 1, 1, 2, 0, 0, 0, 0, 3, 1, 0, 1, 2, 1, 1, 1, 3, 0, 3, 0, 3, 0, 2, 1, 1, 1, 2, 0, 2, 0, 3, 1, 1, 2, 0, 0, 0, 0, 3, 1, 3, 1, 0, 2, 1, 3, 2, 0, 0, 2, 1, 1, 1, 1, 3, 3, 0, 1, 2, 0, 1, 0, 3, 3, 0, 0, 2, 2, 1, 0, 1, 2, 1, 1, 3, 3, 0, 3, 0, 2, 1, 1, 2, 2, 0, 3, 1, 0, 2, 0, 3, 1, 1, 2, 0, 0, 3, 0, 3, 3, 1, 1, 2, 1, 2, 2, 0, 0, 3, 0, 3, 1, 2, 3, 0, 2, 0, 2, 1, 1, 1, 1, 3, 0, 1, 0, 2, 0, 0, 3, 3, 1, 3, 1, 2, 1, 2, 2, 0, 0, 3, 0, 1, 2, 1, 3, 1, 0, 2, 0, 3, 0, 3, 3, 1, 2, 0, 2, 0, 2, 1, 1, 1, 3, 3]"
47,3592570047,"[1, 2, 1, 3, 1, 1, 2, 0, 3, 0, 0, 2, 2, 3, 0, 3, 1, 1, 1, 2, 0, 1, 0, 3, 0, 0, 2, 2, 2, 1, 2, 3, 3, 0, 3, 3, 1, 2]"
48,3592570048,"[0, 1, 3, 3, 0, 3, 0, 2, 0, 0, 0, 2, 1, 3, 1, 1, 3, 1, 2, 1, 2, 2, 0, 3, 0, 3, 0, 0, 2, 1, 3, 1, 1, 3, 0, 2, 1, 2, 1, 3, 2, 3, 0, 3, 0, 2, 0, 2, 1, 3, 3, 1, 2, 1, 2, 2, 0, 3, 0, 1, 1, 3, 0]"
49,3592570049,"[1, 3, 0, 0, 2, 1, 2, 0, 2, 1, 2, 0, 2, 1, 1, 3, 1, 3, 3, 0, 3, 3, 0, 0, 2, 2, 2, 1, 2, 1, 3, 2, 1, 3, 0, 0, 2, 0, 3, 3, 3, 1, 2, 0, 1, 3, 1, 2, 3, 3, 0, 0, 2, 1, 2, 0, 2, 2, 1, 3, 2, 1, 1, 3, 3, 0, 3, 0, 2, 0, 2, 2, 1, 1, 3, 2, 0, 3, 2, 1, 1, 3, 0, 0, 0, 3, 3, 3, 1, 2, 1, 2, 3, 3, 0, 0, 2, 2, 2, 1, 3, 0, 2, 1, 2, 1, 1, 3, 0, 2, 1, 3, 0, 3, 0, 3]"
50,3592570050,"[1, 0, 3, 3, 1, 3, 3, 3, 0, 2, 3, 1, 2, 2, 2, 0, 2, 2, 1, 3, 3, 3, 3, 0, 2, 1, 3, 0, 3, 1, 0, 1, 2, 0, 2, 1, 2, 2, 0, 3, 1, 3, 3, 3, 1, 0, 0, 2, 2, 1, 3, 0, 3, 1, 1, 1]"
51,3592570051,"[3, 0, 0, 0, 1, 0, 2, 0, 0, 3, 3, 1, 3, 1, 2, 0, 1, 3, 0, 0, 2, 2, 2, 1, 3, 0, 1, 2, 1, 3, 1, 0, 0, 0, 3, 3, 1, 2, 3, 2, 0, 2, 2, 1, 3, 1, 0, 0, 3, 3, 1, 1, 2, 3, 0, 0, 2, 2, 1, 3, 2, 1, 3, 3, 0, 2, 2, 1, 1, 1]"
52,3592570052,"[1, 2, 3, 2, 0, 2, 2, 1, 1, 1, 2, 1, 1, 3, 0, 2, 0, 0, 3, 0, 0, 3, 3, 1, 2, 0, 2, 2, 1, 1, 3, 0, 1, 0, 2, 1, 1, 1, 3, 0, 1, 0, 2, 0, 0, 0, 3]"
53,3592570053,"[2, 3, 0, 0, 0, 2, 1, 2, 1, 3, 1, 3, 1, 1, 2, 0, 1, 0, 3, 0, 0, 2, 3, 1, 1, 2, 0, 3, 0, 0, 2, 0, 2, 1, 1, 3]"
54,3592570054,"[0, 1, 3, 3, 0, 2, 1, 2, 2, 0, 0, 3, 2, 1, 3, 0, 2, 1, 1, 3, 3, 3, 0, 0, 2, 3, 1, 1, 2, 2, 0, 3, 1, 3, 0]"
55,3592570055,"[3, 0, 3, 3, 1, 3, 0, 1, 2, 0, 2, 2, 1, 3, 0, 3, 3, 0, 3, 2, 1, 2, 2, 1, 3, 2, 0, 3, 3, 0, 0]"
56,3592570056,"[2, 1, 3, 1, 2, 3, 3, 0, 2, 1, 2, 2]"
57,3592570057,"[3, 0, 0, 3, 0, 3, 3, 1, 1, 2, 0, 3, 2, 2, 2, 2, 2, 1, 3, 3, 3, 0, 3, 1, 3, 1, 2, 2, 2]"
58,3592570058,"[3, 1, 2, 0, 3, 1, 3, 0, 3, 1, 1, 2, 1, 2, 1, 2, 1, 3, 3, 0, 1, 2, 0, 2, 1, 2, 0, 0, 0, 0, 3, 3, 1, 0, 2, 0, 2, 1, 1, 1, 1, 3, 1, 3, 0, 3, 0, 1, 2, 0, 1, 2, 1, 2, 0, 0, 0, 0, 3, 0, 3, 1, 3, 1, 3, 0, 2, 0, 2, 1, 2, 0, 2, 1, 1, 1, 1, 3, 1, 3, 0, 3, 0, 2, 1, 2, 1, 2, 0, 0, 0, 0, 3, 3, 1, 0, 2, 0, 3, 3, 1, 3, 1, 2, 3, 0, 2, 0, 2, 1, 2, 0, 2, 1, 1, 1, 3, 3, 1, 2, 1, 2, 0, 0, 0, 0, 3, 0, 3, 1, 3, 1, 1, 0, 3, 0, 2, 2, 1, 0, 2, 0, 2, 1, 1, 1, 1, 3, 1, 3, 3, 0, 1, 2, 0, 2, 1, 2, 0, 0, 0, 0, 3, 0, 3, 1, 1, 1, 0, 1, 2, 1, 1, 3, 3, 0, 0, 2, 0, 0, 2, 0, 2, 1, 1, 1, 1, 3, 1, 3, 0, 2, 1, 2, 0, 0, 0, 0, 3, 0, 3, 1, 3, 1, 1, 0, 3, 0, 2, 0, 2, 1, 2, 0, 2, 1, 1, 1, 1, 3, 3, 0, 3, 1]"
59,3592570059,"[3, 2, 2, 2, 1, 3, 1, 1, 2, 0, 1, 2, 0, 3, 3, 0, 0, 3, 1, 0, 2, 2, 1, 3, 1, 1, 3, 0, 1, 2, 2, 2, 0, 3, 1, 2, 0, 3, 0, 3, 0, 3, 1, 0, 2, 2, 1, 1, 1, 3, 0, 2, 1, 3, 3, 0, 1, 2, 0, 2, 0, 0, 3, 1, 0, 2, 1, 1, 1, 3, 0, 2, 0, 0, 3, 3, 1, 0, 2, 1, 0, 2, 1, 1, 1, 3, 3, 0, 2, 0, 0, 3, 1, 0, 2, 2, 1, 3, 1, 1, 2, 0, 1, 2, 0, 3, 3, 1, 3, 0, 1, 2, 0, 0, 0, 2, 1, 1]"
60,3592570060,"[1, 1, 0, 1, 3, 1, 1, 3, 3, 3, 0, 1, 2, 2, 2, 2, 0, 3, 2, 1, 3, 3, 3, 3, 0, 3, 0, 0, 2, 1, 0, 1, 3, 1, 1, 2, 2, 2, 2, 2, 0, 0, 1, 3, 1, 3, 3, 3, 0, 1, 2, 2, 2, 2, 0, 0, 0, 1, 1, 3, 1, 3, 3, 3, 0, 3, 0, 0, 2, 1, 0, 1, 3, 1, 1, 2, 2, 2, 2, 2, 0, 3, 0, 2, 0, 0, 3, 2, 1, 1, 1, 3, 1, 3, 3, 3, 0]"
61,3592570061,"[1, 0, 0, 0, 3, 3, 0, 3, 3, 1, 1, 2, 0, 1, 3, 0, 2, 2, 2, 2, 1, 1, 3, 0, 2, 0, 0, 3, 3, 1, 3, 1, 3, 0, 0, 2, 3, 1, 2, 2, 2, 1, 0, 0, 2, 1, 3, 3, 3, 0, 2, 1, 2, 2, 1, 0, 1, 3, 0, 3, 0, 2]"
62,3592570062,"[0, 3, 1, 2, 0, 3, 0, 3, 3, 1, 1, 2, 0, 2, 2, 1, 3, 2, 0, 3, 3, 3, 1, 2, 2]"
63,3592570063,"[1, 3, 3, 2, 3, 0, 3, 1, 0, 2, 1, 2, 2, 0, 3, 3]"
64,3592570064,"[2, 1, 2, 1, 0, 3, 0, 2, 1, 2, 3, 1, 3, 0, 0, 0, 2, 2, 2, 1, 1, 3, 3, 0, 2, 1, 2, 1, 1]"
65,3592570065,"[1, 3, 3, 3, 2, 3, 0, 3, 0]"
66,3592570066,"[0, 2, 0, 3, 1, 1, 2, 0, 2]"
67,3592570067,"[2, 0, 3, 1, 0, 0, 2, 1, 1, 1, 1, 3, 0, 1, 0, 2, 0, 0, 3, 3, 2, 3, 0, 2, 2, 1, 1, 1, 3, 0, 1, 1, 2, 0, 0, 0, 0, 3, 3, 1, 3, 2, 0, 2, 2, 1, 3, 1, 1, 1, 2, 0, 0, 0, 3, 0, 3, 3, 1, 3, 0, 1, 2, 0, 2, 2, 1, 3, 2, 1, 1, 1, 2, 0, 0, 0, 0, 3, 3, 3, 3, 1, 2, 2, 0, 2, 1, 1, 1]"
68,3592570068,"[1, 1, 2, 0, 3, 2, 1, 1, 2, 2, 0, 3, 3]"
69,3592570069,"[1, 3, 1, 3, 0, 2, 3, 1, 2, 2, 1, 3]"
70,3592570070,"[1, 3, 3, 0, 3, 2, 1, 3]"
71,3592570071,"[2, 1, 1, 3, 1, 3, 2, 0, 2, 1, 0, 3, 1, 3, 1, 1, 2, 0, 0, 2, 1]"
72,3592570072,"[0, 1, 3, 0]"
73,3592570073,"[1, 3, 1, 0, 1, 3, 1, 2]"
74,3592570074,"[3, 2, 0, 0, 0, 0, 3, 1, 1, 3, 0, 1, 0, 3, 0, 0, 2, 2, 1, 2, 1, 1, 1, 1, 3, 0, 1, 2, 0, 0, 0, 0, 3, 0, 3, 3, 1, 1, 2, 0]"
75,3592570075,"[2, 1, 3, 2, 1, 0, 3, 3, 2, 2, 1, 1, 1, 2, 1, 3, 3, 3]"
76,3592570076,"[1, 3, 2, 1, 1, 2, 0, 2, 0, 3, 1, 1, 3, 0, 3, 3, 3, 0, 0, 2, 1, 3, 2, 2, 1, 2, 1, 2, 0, 0, 3, 2, 1, 1, 3, 0, 3, 1, 3, 3, 0, 0, 2, 1, 0, 1, 2, 2, 0, 3, 2, 2, 1, 1, 3, 3, 3, 0, 3, 0, 0, 2, 1, 1]"
77,3592570077,"[2, 3, 0, 0, 2, 2, 0, 3, 1, 0, 2, 1, 1, 3, 1, 0, 2, 0, 3, 0, 3, 2, 1, 1, 1, 3, 0, 1, 2, 0, 2, 0, 3, 0, 3, 3, 2, 2, 1, 3, 2, 1, 1, 3, 0, 0, 0, 3, 3, 1, 3, 0, 2, 2, 2, 1, 3]"
78,3592570078,"[3, 2, 3, 0, 0, 0, 2, 0, 0, 3, 1, 0, 1, 2, 1, 1, 3, 1, 1, 3, 0, 2, 0, 2, 0, 0, 3, 1, 1, 1, 0, 1, 3, 1, 3, 2, 2, 0, 1, 3, 3, 3]"
79,3592570079,"[2, 2, 2, 1, 3, 0, 2, 1, 2, 2, 0, 3, 1, 3, 3, 0, 3, 1, 2, 0, 2]"
80,3592570080,"[0, 3, 3, 0, 3, 1, 1, 1, 2, 0, 0, 3, 2, 2, 2, 0, 2, 0, 0, 3, 3, 1, 3, 0, 3, 1, 1, 1, 2, 0, 1, 0, 3, 0, 0, 2, 2, 2, 2, 1, 3, 2, 1, 3, 1, 3, 3, 0, 0, 1, 1, 2, 2, 0, 0, 3]"
81,3592570081,"[2, 1, 3, 1, 1, 3, 1, 1, 2, 0, 1, 2, 0, 0, 0, 3, 3, 1, 1, 2, 0, 3, 0, 0, 0, 2, 2, 1, 3, 0, 3, 1, 1, 1, 2, 0, 1, 2, 0, 3, 1, 3, 0, 0, 0, 2, 1, 0, 3, 1, 1, 1, 2, 0, 1, 0, 3, 0, 0, 2, 2, 1, 0, 3, 3, 1, 1, 2, 0, 2, 1, 1, 1]"
82,3592570082,"[0, 2, 0, 1, 1, 2, 0, 3, 0, 0, 1, 1, 2, 0, 1, 3, 0, 0, 0, 1, 3, 0, 2, 2, 0, 3, 1, 1, 1, 2, 0, 0]"
83,3592570083,"[1, 3, 3, 1, 1, 2, 0, 1, 2, 2, 2, 2, 0, 3, 0, 3, 3, 1, 3, 1, 3, 0, 0, 2, 3, 2, 1, 1, 2, 3, 2, 0, 3, 0, 2, 3, 3, 1, 2, 1, 2, 2, 3, 3, 0, 3, 0, 2, 2, 2, 3, 3, 3, 1, 2, 1, 2, 2, 2, 0, 1, 3, 3, 3, 0, 3, 0, 2, 2, 2, 2]"
84,3592570084,"[2, 3, 0, 0, 0, 1, 0, 3, 1, 1, 2, 1, 2, 0, 1, 3, 0, 3, 0, 2, 0, 3, 0, 0, 2, 1, 0, 3, 1, 1, 1, 2, 1, 2, 0, 3, 0, 1, 2, 0, 3, 1, 3, 0, 0, 0, 2, 1, 0, 2, 2, 1, 3, 0, 2, 1, 3, 1, 1, 3, 3, 0, 2, 1, 0, 3, 0, 0, 2, 1, 0, 3, 1, 1, 1, 2, 2, 0, 1, 3, 0, 1, 0, 3, 0, 0, 2, 2, 1, 0, 3, 3, 1, 2, 1, 1, 3, 0, 0, 0, 2, 2, 2, 1, 3, 1, 3, 1, 3, 0, 0, 2, 1, 2, 1, 3, 0, 3, 0, 0, 2, 2, 2, 1, 3, 0, 2, 1, 3, 1, 1, 1]"
85,3592570085,"[1, 3, 3, 1, 2]"
86,3592570086,"[1, 3, 1, 1, 1, 3, 0, 0, 3, 3, 1, 2, 0, 2, 0]"
87,3592570087,"[1, 2, 2, 0, 2, 0, 1, 1, 2, 0, 0, 3, 3, 1, 1, 3, 3, 0, 0, 2, 3, 2, 1, 1, 2, 0, 2, 0, 0, 3, 2, 1, 1, 1, 3, 0, 3, 0, 2, 1, 2, 1, 3, 3, 3, 0, 0, 2, 2, 0, 2, 1, 3, 1, 1, 2, 0, 1, 2, 0, 0, 3, 1, 1, 2, 0, 0, 3, 0, 3, 1, 0, 2, 1, 1, 1, 3, 3, 0, 2, 0, 1, 1, 2, 2, 0, 3, 3]"
88,3592570088,[]
89,3592570089,"[3, 0, 1, 3, 0, 2, 0, 1, 3, 0, 2, 0, 1, 0, 2, 0, 3, 3, 2, 1, 1, 3, 0]"
90,3592570090,"[3, 0, 1, 2, 1, 1, 3, 0]"
91,3592570091,"[1, 2, 1, 0, 3, 0, 0, 2, 1, 2, 1, 0, 3, 1, 2, 1, 0, 3, 1, 2, 1, 0, 3, 1]"
92,3592570092,"[1, 3, 0, 1, 2, 0, 3, 3, 3, 1, 2, 0, 2, 0, 1, 2, 1, 3]"
93,3592570093,"[3, 0, 2, 1, 3, 3, 3, 0, 2, 0, 2, 0, 1, 3, 1, 1, 2, 0, 0]"
94,3592570094,"[2, 0, 0, 3, 0, 0, 2, 1]"
95,3592570095,"[2, 2, 3, 3, 1, 1, 2, 0, 3, 2, 2, 2, 0, 1, 0, 3, 1, 3, 0, 1, 0, 3, 0, 2, 1, 1, 3, 0, 0, 2, 0, 2, 1, 0, 1, 3, 1, 1, 3, 1, 2, 1, 2, 2, 0, 0, 0, 3, 2, 1, 3, 3, 3, 0, 2, 1, 0, 3, 0, 2, 2, 1, 3, 1, 3, 1, 2, 1, 2, 2, 0, 0, 3, 2, 0, 3, 3, 3, 1, 1, 2, 0, 3, 2, 2, 2, 0, 3, 0, 3, 1, 3, 1, 2, 0, 2, 1, 3, 0, 3, 1, 1, 2, 1, 2, 2, 0, 3]"
96,3592570096,"[1, 1, 3, 1, 1, 3, 0, 0, 3, 0, 3, 0, 2, 1, 2, 2, 1, 1, 1, 3, 0, 0, 3, 0, 0, 2, 2, 1, 1, 1, 1, 3, 0, 0, 3, 0, 3, 0, 2, 2, 2, 0, 2, 2, 1, 1, 3, 1, 0, 2, 0, 0, 3, 1, 3, 1, 0, 2, 0, 2, 1, 1, 3, 1, 3, 1, 0, 2, 0, 0, 3, 3, 1, 2]"
97,3592570097,"[2, 0, 1, 3, 0, 2, 2, 0, 0, 0, 2, 0, 2, 1, 1, 3, 0, 3, 3, 1, 2, 1, 1, 3, 0, 0, 3, 2, 2, 0, 2, 0, 2, 1, 1, 3, 0, 3, 1, 2, 0, 3, 1, 3, 3, 0, 2, 3, 1, 2, 1, 1, 2, 0, 3, 0, 0, 2, 1, 2, 2, 0, 3, 1, 3, 3, 0, 2, 1, 0, 3, 3, 1, 2, 1, 1, 2, 0, 3, 0, 3, 0, 2, 2, 2, 3, 1, 2, 2, 0, 3, 1, 3, 0, 3, 3, 1, 2, 1, 1, 2, 0, 3, 0, 2, 1, 0, 0, 2, 2, 1, 3, 0, 3, 3, 3, 1, 2, 1, 2, 0, 2, 3, 1, 3, 0, 0, 2, 1, 2, 2, 0, 3, 3]"
98,3592570098,"[0, 1, 3, 3, 0, 1, 3, 1, 2, 1, 2, 0, 1, 3, 0, 3, 0, 2, 0, 0, 1, 1, 3, 1, 2, 1, 2, 0, 2, 0, 3, 2, 0, 0, 0, 3, 1, 3, 3, 0, 2, 3, 1, 2, 1, 2, 2, 1, 3, 1, 3, 0, 3, 2, 2, 2, 0, 0, 0, 3, 2, 1, 1, 1, 3, 0, 0, 3, 1, 0, 1, 2, 2, 1, 3, 1, 3, 0, 3, 2, 2, 2, 0, 0, 0, 3, 1, 3, 3, 0, 2, 1, 1, 0, 1, 2, 2, 0, 0, 3, 2, 1, 1, 1, 3, 1, 1, 3, 0, 3, 0, 2, 0, 1, 3, 1, 2, 1, 2, 0, 2, 0, 0, 0, 0, 3, 1, 3, 3, 0, 2, 3, 1, 2, 1, 1, 3, 1, 2, 1, 2, 0, 2, 0, 3, 2, 0, 0, 3, 3, 1, 2, 1, 1, 1, 3, 0, 3, 0, 2, 0, 1, 3, 1, 2, 1, 2, 0, 2, 0, 0, 0, 0, 3, 2, 1, 1, 1, 1, 3, 0, 3, 0, 0, 3, 0, 2, 3, 1, 2, 1, 1, 2, 0, 3, 1, 3, 1, 2, 1, 2, 0, 0, 2, 0, 0, 0, 3, 1, 1, 1, 3, 0, 0, 3, 0, 2, 3, 1, 2, 1, 1, 3, 1, 2, 1, 2, 0, 0, 3, 0, 0, 2, 1, 1, 3, 0, 0, 2, 2, 0, 3, 2, 1, 1, 1, 1, 3, 0, 3, 0, 0, 3, 0, 2, 3, 1, 2, 1, 1, 3, 1, 1, 2, 0, 1, 2, 0, 0, 2, 0, 0, 3, 3, 1, 1, 0, 1, 3, 1, 1, 2, 2, 0, 0, 2, 0, 0, 0, 3, 2, 1, 1, 1, 3, 3, 3, 1, 1, 2, 0, 1, 2, 0, 0, 2, 0, 0, 0, 3, 1, 3, 1, 1, 1, 3, 0, 2, 0, 0, 3, 0, 2, 3, 1, 2, 1, 1, 3, 1, 1, 2, 0, 1, 3, 0, 0, 2, 0, 0, 2, 2, 0, 3]"
99,3592570099,"[2, 0, 2, 0, 3, 2, 2, 2, 1, 3, 0, 3, 3, 1, 2, 0, 1, 3, 3, 1, 3, 0, 0, 2, 3, 1, 2, 1, 2, 0, 2, 0, 2, 2, 1, 3, 0, 3, 3, 2, 2, 1, 3, 3, 0, 2, 1, 3, 1, 3, 3, 0, 0, 2, 3, 1, 1, 2, 0]"
